epoch,steps,cosine-Accuracy@1,cosine-Accuracy@3,cosine-Accuracy@5,cosine-Accuracy@10,cosine-Precision@1,cosine-Recall@1,cosine-Precision@3,cosine-Recall@3,cosine-Precision@5,cosine-Recall@5,cosine-Precision@10,cosine-Recall@10,cosine-MRR@10,cosine-NDCG@10,cosine-MAP@100
1.0,16,0.5135135135135135,0.5945945945945946,0.6486486486486487,0.7837837837837838,0.5135135135135135,0.5135135135135135,0.19819819819819817,0.5945945945945946,0.12972972972972974,0.6486486486486487,0.0783783783783784,0.7837837837837838,0.5791613041613043,0.6263375430178325,0.5944623804917922
2.0,32,0.5405405405405406,0.5945945945945946,0.6486486486486487,0.7837837837837838,0.5405405405405406,0.5405405405405406,0.19819819819819817,0.5945945945945946,0.12972972972972974,0.6486486486486487,0.07837837837837838,0.7837837837837838,0.5926748176748177,0.6363124145429283,0.6079758940053057
3.0,48,0.5405405405405406,0.5945945945945946,0.6486486486486487,0.7837837837837838,0.5405405405405406,0.5405405405405406,0.19819819819819817,0.5945945945945946,0.12972972972972974,0.6486486486486487,0.07837837837837838,0.7837837837837838,0.5926748176748178,0.6363124145429282,0.6079758940053057
4.0,64,0.5405405405405406,0.5945945945945946,0.6486486486486487,0.7837837837837838,0.5405405405405406,0.5405405405405406,0.19819819819819817,0.5945945945945946,0.12972972972972974,0.6486486486486487,0.07837837837837838,0.7837837837837838,0.5926748176748176,0.6363124145429282,0.6079758940053057
5.0,80,0.5405405405405406,0.5945945945945946,0.6486486486486487,0.7837837837837838,0.5405405405405406,0.5405405405405406,0.19819819819819817,0.5945945945945946,0.12972972972972974,0.6486486486486487,0.07837837837837838,0.7837837837837838,0.5926748176748176,0.6363124145429283,0.6079758940053057
