epoch,steps,cosine_pearson,cosine_spearman
9.433962264150944,1000,0.026543468237538413,0.029995810019134532
