epoch,steps,cosine_pearson,cosine_spearman
1.0,105,-0.0008907591406807046,-0.004170024190389626
2.0,210,0.025289856637276106,0.007972617506864597
3.0,315,0.034091641505985114,0.019404774370851637
